{"cameraMode":{"drawMode":0,"name":"Shaded","section":"Shading Mode"},"sceneLighting":false,"audioPlay":false,"sceneViewState":{"showFog":true,"showMaterialUpdate":false,"showSkybox":false,"showFlares":true,"showImageEffects":true,"showParticleSystems":true},"in2DMode":false,"pivot":{"x":27.511123657226564,"y":-7.708547592163086,"z":-9.719635963439942},"rotation":{"x":-0.31884896755218508,"y":-0.6581698656082153,"z":0.3637571334838867,"w":-0.5769141912460327},"size":10.600000381469727,"orthographic":false}